window_id,method,n_true_nodes,candidate_pool_size,mrr,precision@5,recall@5,hit@5,ndcg@5,precision@10,recall@10,hit@10,ndcg@10
0,degree,1,121,1.0,0.2,1.0,1.0,1.0,0.1,1.0,1.0,1.0
0,pagerank,1,121,1.0,0.2,1.0,1.0,1.0,0.1,1.0,1.0,1.0
0,classical_diffusion,1,121,1.0,0.2,1.0,1.0,1.0,0.1,1.0,1.0,1.0
0,quantum_inspired,1,121,1.0,0.2,1.0,1.0,1.0,0.1,1.0,1.0,1.0
1,degree,1,121,1.0,0.2,1.0,1.0,1.0,0.1,1.0,1.0,1.0
1,pagerank,1,121,1.0,0.2,1.0,1.0,1.0,0.1,1.0,1.0,1.0
1,classical_diffusion,1,121,1.0,0.2,1.0,1.0,1.0,0.1,1.0,1.0,1.0
1,quantum_inspired,1,121,1.0,0.2,1.0,1.0,1.0,0.1,1.0,1.0,1.0
2,degree,1,121,1.0,0.2,1.0,1.0,1.0,0.1,1.0,1.0,1.0
2,pagerank,1,121,1.0,0.2,1.0,1.0,1.0,0.1,1.0,1.0,1.0
2,classical_diffusion,1,121,1.0,0.2,1.0,1.0,1.0,0.1,1.0,1.0,1.0
2,quantum_inspired,1,121,1.0,0.2,1.0,1.0,1.0,0.1,1.0,1.0,1.0
3,degree,1,121,1.0,0.2,1.0,1.0,1.0,0.1,1.0,1.0,1.0
3,pagerank,1,121,1.0,0.2,1.0,1.0,1.0,0.1,1.0,1.0,1.0
3,classical_diffusion,1,121,1.0,0.2,1.0,1.0,1.0,0.1,1.0,1.0,1.0
3,quantum_inspired,1,121,1.0,0.2,1.0,1.0,1.0,0.1,1.0,1.0,1.0
4,degree,1,121,1.0,0.2,1.0,1.0,1.0,0.1,1.0,1.0,1.0
4,pagerank,1,121,1.0,0.2,1.0,1.0,1.0,0.1,1.0,1.0,1.0
4,classical_diffusion,1,121,1.0,0.2,1.0,1.0,1.0,0.1,1.0,1.0,1.0
4,quantum_inspired,1,121,1.0,0.2,1.0,1.0,1.0,0.1,1.0,1.0,1.0
5,degree,1,121,1.0,0.2,1.0,1.0,1.0,0.1,1.0,1.0,1.0
5,pagerank,1,121,1.0,0.2,1.0,1.0,1.0,0.1,1.0,1.0,1.0
5,classical_diffusion,1,121,1.0,0.2,1.0,1.0,1.0,0.1,1.0,1.0,1.0
5,quantum_inspired,1,121,1.0,0.2,1.0,1.0,1.0,0.1,1.0,1.0,1.0
6,degree,1,121,1.0,0.2,1.0,1.0,1.0,0.1,1.0,1.0,1.0
6,pagerank,1,121,1.0,0.2,1.0,1.0,1.0,0.1,1.0,1.0,1.0
6,classical_diffusion,1,121,1.0,0.2,1.0,1.0,1.0,0.1,1.0,1.0,1.0
6,quantum_inspired,1,121,1.0,0.2,1.0,1.0,1.0,0.1,1.0,1.0,1.0
7,degree,1,121,1.0,0.2,1.0,1.0,1.0,0.1,1.0,1.0,1.0
7,pagerank,1,121,1.0,0.2,1.0,1.0,1.0,0.1,1.0,1.0,1.0
7,classical_diffusion,1,121,1.0,0.2,1.0,1.0,1.0,0.1,1.0,1.0,1.0
7,quantum_inspired,1,121,1.0,0.2,1.0,1.0,1.0,0.1,1.0,1.0,1.0
8,degree,1,121,1.0,0.2,1.0,1.0,1.0,0.1,1.0,1.0,1.0
8,pagerank,1,121,1.0,0.2,1.0,1.0,1.0,0.1,1.0,1.0,1.0
8,classical_diffusion,1,121,1.0,0.2,1.0,1.0,1.0,0.1,1.0,1.0,1.0
8,quantum_inspired,1,121,1.0,0.2,1.0,1.0,1.0,0.1,1.0,1.0,1.0
9,degree,1,121,1.0,0.2,1.0,1.0,1.0,0.1,1.0,1.0,1.0
9,pagerank,1,121,1.0,0.2,1.0,1.0,1.0,0.1,1.0,1.0,1.0
9,classical_diffusion,1,121,1.0,0.2,1.0,1.0,1.0,0.1,1.0,1.0,1.0
9,quantum_inspired,1,121,1.0,0.2,1.0,1.0,1.0,0.1,1.0,1.0,1.0
10,degree,1,121,1.0,0.2,1.0,1.0,1.0,0.1,1.0,1.0,1.0
10,pagerank,1,121,1.0,0.2,1.0,1.0,1.0,0.1,1.0,1.0,1.0
10,classical_diffusion,1,121,1.0,0.2,1.0,1.0,1.0,0.1,1.0,1.0,1.0
10,quantum_inspired,1,121,1.0,0.2,1.0,1.0,1.0,0.1,1.0,1.0,1.0
11,degree,1,121,1.0,0.2,1.0,1.0,1.0,0.1,1.0,1.0,1.0
11,pagerank,1,121,1.0,0.2,1.0,1.0,1.0,0.1,1.0,1.0,1.0
11,classical_diffusion,1,121,1.0,0.2,1.0,1.0,1.0,0.1,1.0,1.0,1.0
11,quantum_inspired,1,121,1.0,0.2,1.0,1.0,1.0,0.1,1.0,1.0,1.0
12,degree,1,121,1.0,0.2,1.0,1.0,1.0,0.1,1.0,1.0,1.0
12,pagerank,1,121,1.0,0.2,1.0,1.0,1.0,0.1,1.0,1.0,1.0
12,classical_diffusion,1,121,1.0,0.2,1.0,1.0,1.0,0.1,1.0,1.0,1.0
12,quantum_inspired,1,121,1.0,0.2,1.0,1.0,1.0,0.1,1.0,1.0,1.0
13,degree,1,121,1.0,0.2,1.0,1.0,1.0,0.1,1.0,1.0,1.0
13,pagerank,1,121,1.0,0.2,1.0,1.0,1.0,0.1,1.0,1.0,1.0
13,classical_diffusion,1,121,1.0,0.2,1.0,1.0,1.0,0.1,1.0,1.0,1.0
13,quantum_inspired,1,121,1.0,0.2,1.0,1.0,1.0,0.1,1.0,1.0,1.0
14,degree,1,121,1.0,0.2,1.0,1.0,1.0,0.1,1.0,1.0,1.0
14,pagerank,1,121,1.0,0.2,1.0,1.0,1.0,0.1,1.0,1.0,1.0
14,classical_diffusion,1,121,1.0,0.2,1.0,1.0,1.0,0.1,1.0,1.0,1.0
14,quantum_inspired,1,121,1.0,0.2,1.0,1.0,1.0,0.1,1.0,1.0,1.0
15,degree,1,121,1.0,0.2,1.0,1.0,1.0,0.1,1.0,1.0,1.0
15,pagerank,1,121,1.0,0.2,1.0,1.0,1.0,0.1,1.0,1.0,1.0
15,classical_diffusion,1,121,1.0,0.2,1.0,1.0,1.0,0.1,1.0,1.0,1.0
15,quantum_inspired,1,121,1.0,0.2,1.0,1.0,1.0,0.1,1.0,1.0,1.0
16,degree,1,121,1.0,0.2,1.0,1.0,1.0,0.1,1.0,1.0,1.0
16,pagerank,1,121,1.0,0.2,1.0,1.0,1.0,0.1,1.0,1.0,1.0
16,classical_diffusion,1,121,1.0,0.2,1.0,1.0,1.0,0.1,1.0,1.0,1.0
16,quantum_inspired,1,121,1.0,0.2,1.0,1.0,1.0,0.1,1.0,1.0,1.0
17,degree,1,121,0.015625,0.0,0.0,0.0,0.0,0.0,0.0,0.0,0.0
17,pagerank,1,121,0.008264462809917356,0.0,0.0,0.0,0.0,0.0,0.0,0.0,0.0
17,classical_diffusion,1,121,0.008264462809917356,0.0,0.0,0.0,0.0,0.0,0.0,0.0,0.0
17,quantum_inspired,1,121,0.008264462809917356,0.0,0.0,0.0,0.0,0.0,0.0,0.0,0.0
18,degree,1,121,1.0,0.2,1.0,1.0,1.0,0.1,1.0,1.0,1.0
18,pagerank,1,121,1.0,0.2,1.0,1.0,1.0,0.1,1.0,1.0,1.0
18,classical_diffusion,1,121,1.0,0.2,1.0,1.0,1.0,0.1,1.0,1.0,1.0
18,quantum_inspired,1,121,1.0,0.2,1.0,1.0,1.0,0.1,1.0,1.0,1.0
19,degree,1,121,0.008264462809917356,0.0,0.0,0.0,0.0,0.0,0.0,0.0,0.0
19,pagerank,1,121,1.0,0.2,1.0,1.0,1.0,0.1,1.0,1.0,1.0
19,classical_diffusion,1,121,1.0,0.2,1.0,1.0,1.0,0.1,1.0,1.0,1.0
19,quantum_inspired,1,121,1.0,0.2,1.0,1.0,1.0,0.1,1.0,1.0,1.0
20,degree,1,121,1.0,0.2,1.0,1.0,1.0,0.1,1.0,1.0,1.0
20,pagerank,1,121,1.0,0.2,1.0,1.0,1.0,0.1,1.0,1.0,1.0
20,classical_diffusion,1,121,1.0,0.2,1.0,1.0,1.0,0.1,1.0,1.0,1.0
20,quantum_inspired,1,121,1.0,0.2,1.0,1.0,1.0,0.1,1.0,1.0,1.0
21,degree,1,121,0.008264462809917356,0.0,0.0,0.0,0.0,0.0,0.0,0.0,0.0
21,pagerank,1,121,0.008264462809917356,0.0,0.0,0.0,0.0,0.0,0.0,0.0,0.0
21,classical_diffusion,1,121,0.008264462809917356,0.0,0.0,0.0,0.0,0.0,0.0,0.0,0.0
21,quantum_inspired,1,121,0.008264462809917356,0.0,0.0,0.0,0.0,0.0,0.0,0.0,0.0
22,degree,1,121,1.0,0.2,1.0,1.0,1.0,0.1,1.0,1.0,1.0
22,pagerank,1,121,1.0,0.2,1.0,1.0,1.0,0.1,1.0,1.0,1.0
22,classical_diffusion,1,121,1.0,0.2,1.0,1.0,1.0,0.1,1.0,1.0,1.0
22,quantum_inspired,1,121,1.0,0.2,1.0,1.0,1.0,0.1,1.0,1.0,1.0
23,degree,1,121,0.008264462809917356,0.0,0.0,0.0,0.0,0.0,0.0,0.0,0.0
23,pagerank,1,121,0.008264462809917356,0.0,0.0,0.0,0.0,0.0,0.0,0.0,0.0
23,classical_diffusion,1,121,0.008264462809917356,0.0,0.0,0.0,0.0,0.0,0.0,0.0,0.0
23,quantum_inspired,1,121,0.008264462809917356,0.0,0.0,0.0,0.0,0.0,0.0,0.0,0.0
24,degree,1,121,0.008264462809917356,0.0,0.0,0.0,0.0,0.0,0.0,0.0,0.0
24,pagerank,1,121,1.0,0.2,1.0,1.0,1.0,0.1,1.0,1.0,1.0
24,classical_diffusion,1,121,1.0,0.2,1.0,1.0,1.0,0.1,1.0,1.0,1.0
24,quantum_inspired,1,121,1.0,0.2,1.0,1.0,1.0,0.1,1.0,1.0,1.0
25,degree,1,121,1.0,0.2,1.0,1.0,1.0,0.1,1.0,1.0,1.0
25,pagerank,1,121,1.0,0.2,1.0,1.0,1.0,0.1,1.0,1.0,1.0
25,classical_diffusion,1,121,1.0,0.2,1.0,1.0,1.0,0.1,1.0,1.0,1.0
25,quantum_inspired,1,121,1.0,0.2,1.0,1.0,1.0,0.1,1.0,1.0,1.0
26,degree,1,121,1.0,0.2,1.0,1.0,1.0,0.1,1.0,1.0,1.0
26,pagerank,1,121,1.0,0.2,1.0,1.0,1.0,0.1,1.0,1.0,1.0
26,classical_diffusion,1,121,1.0,0.2,1.0,1.0,1.0,0.1,1.0,1.0,1.0
26,quantum_inspired,1,121,1.0,0.2,1.0,1.0,1.0,0.1,1.0,1.0,1.0
27,degree,1,121,1.0,0.2,1.0,1.0,1.0,0.1,1.0,1.0,1.0
27,pagerank,1,121,1.0,0.2,1.0,1.0,1.0,0.1,1.0,1.0,1.0
27,classical_diffusion,1,121,1.0,0.2,1.0,1.0,1.0,0.1,1.0,1.0,1.0
27,quantum_inspired,1,121,1.0,0.2,1.0,1.0,1.0,0.1,1.0,1.0,1.0
28,degree,1,121,1.0,0.2,1.0,1.0,1.0,0.1,1.0,1.0,1.0
28,pagerank,1,121,1.0,0.2,1.0,1.0,1.0,0.1,1.0,1.0,1.0
28,classical_diffusion,1,121,1.0,0.2,1.0,1.0,1.0,0.1,1.0,1.0,1.0
28,quantum_inspired,1,121,1.0,0.2,1.0,1.0,1.0,0.1,1.0,1.0,1.0
29,degree,1,121,1.0,0.2,1.0,1.0,1.0,0.1,1.0,1.0,1.0
29,pagerank,1,121,1.0,0.2,1.0,1.0,1.0,0.1,1.0,1.0,1.0
29,classical_diffusion,1,121,1.0,0.2,1.0,1.0,1.0,0.1,1.0,1.0,1.0
29,quantum_inspired,1,121,1.0,0.2,1.0,1.0,1.0,0.1,1.0,1.0,1.0
30,degree,1,121,0.008264462809917356,0.0,0.0,0.0,0.0,0.0,0.0,0.0,0.0
30,pagerank,1,121,1.0,0.2,1.0,1.0,1.0,0.1,1.0,1.0,1.0
30,classical_diffusion,1,121,1.0,0.2,1.0,1.0,1.0,0.1,1.0,1.0,1.0
30,quantum_inspired,1,121,1.0,0.2,1.0,1.0,1.0,0.1,1.0,1.0,1.0
31,degree,1,121,0.008264462809917356,0.0,0.0,0.0,0.0,0.0,0.0,0.0,0.0
31,pagerank,1,121,0.008264462809917356,0.0,0.0,0.0,0.0,0.0,0.0,0.0,0.0
31,classical_diffusion,1,121,0.008264462809917356,0.0,0.0,0.0,0.0,0.0,0.0,0.0,0.0
31,quantum_inspired,1,121,0.008264462809917356,0.0,0.0,0.0,0.0,0.0,0.0,0.0,0.0
32,degree,1,121,0.008264462809917356,0.0,0.0,0.0,0.0,0.0,0.0,0.0,0.0
32,pagerank,1,121,1.0,0.2,1.0,1.0,1.0,0.1,1.0,1.0,1.0
32,classical_diffusion,1,121,1.0,0.2,1.0,1.0,1.0,0.1,1.0,1.0,1.0
32,quantum_inspired,1,121,1.0,0.2,1.0,1.0,1.0,0.1,1.0,1.0,1.0
33,degree,1,121,1.0,0.2,1.0,1.0,1.0,0.1,1.0,1.0,1.0
33,pagerank,1,121,1.0,0.2,1.0,1.0,1.0,0.1,1.0,1.0,1.0
33,classical_diffusion,1,121,1.0,0.2,1.0,1.0,1.0,0.1,1.0,1.0,1.0
33,quantum_inspired,1,121,1.0,0.2,1.0,1.0,1.0,0.1,1.0,1.0,1.0
34,degree,1,121,1.0,0.2,1.0,1.0,1.0,0.1,1.0,1.0,1.0
34,pagerank,1,121,1.0,0.2,1.0,1.0,1.0,0.1,1.0,1.0,1.0
34,classical_diffusion,1,121,1.0,0.2,1.0,1.0,1.0,0.1,1.0,1.0,1.0
34,quantum_inspired,1,121,1.0,0.2,1.0,1.0,1.0,0.1,1.0,1.0,1.0
35,degree,1,121,1.0,0.2,1.0,1.0,1.0,0.1,1.0,1.0,1.0
35,pagerank,1,121,1.0,0.2,1.0,1.0,1.0,0.1,1.0,1.0,1.0
35,classical_diffusion,1,121,1.0,0.2,1.0,1.0,1.0,0.1,1.0,1.0,1.0
35,quantum_inspired,1,121,1.0,0.2,1.0,1.0,1.0,0.1,1.0,1.0,1.0
36,degree,1,121,1.0,0.2,1.0,1.0,1.0,0.1,1.0,1.0,1.0
36,pagerank,1,121,1.0,0.2,1.0,1.0,1.0,0.1,1.0,1.0,1.0
36,classical_diffusion,1,121,1.0,0.2,1.0,1.0,1.0,0.1,1.0,1.0,1.0
36,quantum_inspired,1,121,1.0,0.2,1.0,1.0,1.0,0.1,1.0,1.0,1.0
37,degree,1,121,1.0,0.2,1.0,1.0,1.0,0.1,1.0,1.0,1.0
37,pagerank,1,121,1.0,0.2,1.0,1.0,1.0,0.1,1.0,1.0,1.0
37,classical_diffusion,1,121,1.0,0.2,1.0,1.0,1.0,0.1,1.0,1.0,1.0
37,quantum_inspired,1,121,1.0,0.2,1.0,1.0,1.0,0.1,1.0,1.0,1.0
38,degree,1,121,1.0,0.2,1.0,1.0,1.0,0.1,1.0,1.0,1.0
38,pagerank,1,121,1.0,0.2,1.0,1.0,1.0,0.1,1.0,1.0,1.0
38,classical_diffusion,1,121,1.0,0.2,1.0,1.0,1.0,0.1,1.0,1.0,1.0
38,quantum_inspired,1,121,1.0,0.2,1.0,1.0,1.0,0.1,1.0,1.0,1.0
39,degree,1,121,1.0,0.2,1.0,1.0,1.0,0.1,1.0,1.0,1.0
39,pagerank,1,121,1.0,0.2,1.0,1.0,1.0,0.1,1.0,1.0,1.0
39,classical_diffusion,1,121,1.0,0.2,1.0,1.0,1.0,0.1,1.0,1.0,1.0
39,quantum_inspired,1,121,1.0,0.2,1.0,1.0,1.0,0.1,1.0,1.0,1.0
40,degree,1,121,1.0,0.2,1.0,1.0,1.0,0.1,1.0,1.0,1.0
40,pagerank,1,121,1.0,0.2,1.0,1.0,1.0,0.1,1.0,1.0,1.0
40,classical_diffusion,1,121,1.0,0.2,1.0,1.0,1.0,0.1,1.0,1.0,1.0
40,quantum_inspired,1,121,1.0,0.2,1.0,1.0,1.0,0.1,1.0,1.0,1.0
41,degree,3,123,1.0,0.6,1.0,1.0,1.0,0.3,1.0,1.0,1.0
41,pagerank,3,123,1.0,0.6,1.0,1.0,1.0,0.3,1.0,1.0,1.0
41,classical_diffusion,3,123,1.0,0.6,1.0,1.0,1.0,0.3,1.0,1.0,1.0
41,quantum_inspired,3,123,1.0,0.6,1.0,1.0,1.0,0.3,1.0,1.0,1.0
42,degree,4,124,1.0,0.2,0.25,1.0,0.3903800499921017,0.1,0.25,1.0,0.3903800499921017
42,pagerank,4,124,1.0,0.8,1.0,1.0,1.0,0.4,1.0,1.0,1.0
42,classical_diffusion,4,124,1.0,0.8,1.0,1.0,1.0,0.4,1.0,1.0,1.0
42,quantum_inspired,4,124,1.0,0.8,1.0,1.0,1.0,0.4,1.0,1.0,1.0
43,degree,1,121,1.0,0.2,1.0,1.0,1.0,0.1,1.0,1.0,1.0
43,pagerank,1,121,1.0,0.2,1.0,1.0,1.0,0.1,1.0,1.0,1.0
43,classical_diffusion,1,121,1.0,0.2,1.0,1.0,1.0,0.1,1.0,1.0,1.0
43,quantum_inspired,1,121,1.0,0.2,1.0,1.0,1.0,0.1,1.0,1.0,1.0
44,degree,1,121,1.0,0.2,1.0,1.0,1.0,0.1,1.0,1.0,1.0
44,pagerank,1,121,1.0,0.2,1.0,1.0,1.0,0.1,1.0,1.0,1.0
44,classical_diffusion,1,121,1.0,0.2,1.0,1.0,1.0,0.1,1.0,1.0,1.0
44,quantum_inspired,1,121,1.0,0.2,1.0,1.0,1.0,0.1,1.0,1.0,1.0
45,degree,1,121,1.0,0.2,1.0,1.0,1.0,0.1,1.0,1.0,1.0
45,pagerank,1,121,1.0,0.2,1.0,1.0,1.0,0.1,1.0,1.0,1.0
45,classical_diffusion,1,121,1.0,0.2,1.0,1.0,1.0,0.1,1.0,1.0,1.0
45,quantum_inspired,1,121,1.0,0.2,1.0,1.0,1.0,0.1,1.0,1.0,1.0
46,degree,1,121,1.0,0.2,1.0,1.0,1.0,0.1,1.0,1.0,1.0
46,pagerank,1,121,1.0,0.2,1.0,1.0,1.0,0.1,1.0,1.0,1.0
46,classical_diffusion,1,121,1.0,0.2,1.0,1.0,1.0,0.1,1.0,1.0,1.0
46,quantum_inspired,1,121,1.0,0.2,1.0,1.0,1.0,0.1,1.0,1.0,1.0
47,degree,1,121,1.0,0.2,1.0,1.0,1.0,0.1,1.0,1.0,1.0
47,pagerank,1,121,1.0,0.2,1.0,1.0,1.0,0.1,1.0,1.0,1.0
47,classical_diffusion,1,121,1.0,0.2,1.0,1.0,1.0,0.1,1.0,1.0,1.0
47,quantum_inspired,1,121,1.0,0.2,1.0,1.0,1.0,0.1,1.0,1.0,1.0
48,degree,1,121,0.008264462809917356,0.0,0.0,0.0,0.0,0.0,0.0,0.0,0.0
48,pagerank,1,121,1.0,0.2,1.0,1.0,1.0,0.1,1.0,1.0,1.0
48,classical_diffusion,1,121,1.0,0.2,1.0,1.0,1.0,0.1,1.0,1.0,1.0
48,quantum_inspired,1,121,1.0,0.2,1.0,1.0,1.0,0.1,1.0,1.0,1.0
49,degree,1,121,1.0,0.2,1.0,1.0,1.0,0.1,1.0,1.0,1.0
49,pagerank,1,121,1.0,0.2,1.0,1.0,1.0,0.1,1.0,1.0,1.0
49,classical_diffusion,1,121,1.0,0.2,1.0,1.0,1.0,0.1,1.0,1.0,1.0
49,quantum_inspired,1,121,1.0,0.2,1.0,1.0,1.0,0.1,1.0,1.0,1.0
50,degree,1,121,1.0,0.2,1.0,1.0,1.0,0.1,1.0,1.0,1.0
50,pagerank,1,121,1.0,0.2,1.0,1.0,1.0,0.1,1.0,1.0,1.0
50,classical_diffusion,1,121,1.0,0.2,1.0,1.0,1.0,0.1,1.0,1.0,1.0
50,quantum_inspired,1,121,1.0,0.2,1.0,1.0,1.0,0.1,1.0,1.0,1.0
51,degree,1,121,0.008264462809917356,0.0,0.0,0.0,0.0,0.0,0.0,0.0,0.0
51,pagerank,1,121,1.0,0.2,1.0,1.0,1.0,0.1,1.0,1.0,1.0
51,classical_diffusion,1,121,1.0,0.2,1.0,1.0,1.0,0.1,1.0,1.0,1.0
51,quantum_inspired,1,121,1.0,0.2,1.0,1.0,1.0,0.1,1.0,1.0,1.0
52,degree,1,121,1.0,0.2,1.0,1.0,1.0,0.1,1.0,1.0,1.0
52,pagerank,1,121,1.0,0.2,1.0,1.0,1.0,0.1,1.0,1.0,1.0
52,classical_diffusion,1,121,1.0,0.2,1.0,1.0,1.0,0.1,1.0,1.0,1.0
52,quantum_inspired,1,121,1.0,0.2,1.0,1.0,1.0,0.1,1.0,1.0,1.0
53,degree,1,121,1.0,0.2,1.0,1.0,1.0,0.1,1.0,1.0,1.0
53,pagerank,1,121,1.0,0.2,1.0,1.0,1.0,0.1,1.0,1.0,1.0
53,classical_diffusion,1,121,1.0,0.2,1.0,1.0,1.0,0.1,1.0,1.0,1.0
53,quantum_inspired,1,121,1.0,0.2,1.0,1.0,1.0,0.1,1.0,1.0,1.0
54,degree,1,121,0.014925373134328358,0.0,0.0,0.0,0.0,0.0,0.0,0.0,0.0
54,pagerank,1,121,1.0,0.2,1.0,1.0,1.0,0.1,1.0,1.0,1.0
54,classical_diffusion,1,121,1.0,0.2,1.0,1.0,1.0,0.1,1.0,1.0,1.0
54,quantum_inspired,1,121,1.0,0.2,1.0,1.0,1.0,0.1,1.0,1.0,1.0
55,degree,1,121,0.008264462809917356,0.0,0.0,0.0,0.0,0.0,0.0,0.0,0.0
55,pagerank,1,121,1.0,0.2,1.0,1.0,1.0,0.1,1.0,1.0,1.0
55,classical_diffusion,1,121,1.0,0.2,1.0,1.0,1.0,0.1,1.0,1.0,1.0
55,quantum_inspired,1,121,1.0,0.2,1.0,1.0,1.0,0.1,1.0,1.0,1.0
56,degree,1,121,0.008264462809917356,0.0,0.0,0.0,0.0,0.0,0.0,0.0,0.0
56,pagerank,1,121,1.0,0.2,1.0,1.0,1.0,0.1,1.0,1.0,1.0
56,classical_diffusion,1,121,1.0,0.2,1.0,1.0,1.0,0.1,1.0,1.0,1.0
56,quantum_inspired,1,121,1.0,0.2,1.0,1.0,1.0,0.1,1.0,1.0,1.0
57,degree,1,121,1.0,0.2,1.0,1.0,1.0,0.1,1.0,1.0,1.0
57,pagerank,1,121,1.0,0.2,1.0,1.0,1.0,0.1,1.0,1.0,1.0
57,classical_diffusion,1,121,1.0,0.2,1.0,1.0,1.0,0.1,1.0,1.0,1.0
57,quantum_inspired,1,121,1.0,0.2,1.0,1.0,1.0,0.1,1.0,1.0,1.0
58,degree,1,121,1.0,0.2,1.0,1.0,1.0,0.1,1.0,1.0,1.0
58,pagerank,1,121,1.0,0.2,1.0,1.0,1.0,0.1,1.0,1.0,1.0
58,classical_diffusion,1,121,1.0,0.2,1.0,1.0,1.0,0.1,1.0,1.0,1.0
58,quantum_inspired,1,121,1.0,0.2,1.0,1.0,1.0,0.1,1.0,1.0,1.0
59,degree,1,121,1.0,0.2,1.0,1.0,1.0,0.1,1.0,1.0,1.0
59,pagerank,1,121,1.0,0.2,1.0,1.0,1.0,0.1,1.0,1.0,1.0
59,classical_diffusion,1,121,1.0,0.2,1.0,1.0,1.0,0.1,1.0,1.0,1.0
59,quantum_inspired,1,121,1.0,0.2,1.0,1.0,1.0,0.1,1.0,1.0,1.0
60,degree,1,121,1.0,0.2,1.0,1.0,1.0,0.1,1.0,1.0,1.0
60,pagerank,1,121,1.0,0.2,1.0,1.0,1.0,0.1,1.0,1.0,1.0
60,classical_diffusion,1,121,1.0,0.2,1.0,1.0,1.0,0.1,1.0,1.0,1.0
60,quantum_inspired,1,121,1.0,0.2,1.0,1.0,1.0,0.1,1.0,1.0,1.0
61,degree,1,121,1.0,0.2,1.0,1.0,1.0,0.1,1.0,1.0,1.0
61,pagerank,1,121,1.0,0.2,1.0,1.0,1.0,0.1,1.0,1.0,1.0
61,classical_diffusion,1,121,1.0,0.2,1.0,1.0,1.0,0.1,1.0,1.0,1.0
61,quantum_inspired,1,121,1.0,0.2,1.0,1.0,1.0,0.1,1.0,1.0,1.0
62,degree,1,121,1.0,0.2,1.0,1.0,1.0,0.1,1.0,1.0,1.0
62,pagerank,1,121,1.0,0.2,1.0,1.0,1.0,0.1,1.0,1.0,1.0
62,classical_diffusion,1,121,1.0,0.2,1.0,1.0,1.0,0.1,1.0,1.0,1.0
62,quantum_inspired,1,121,1.0,0.2,1.0,1.0,1.0,0.1,1.0,1.0,1.0
63,degree,1,121,1.0,0.2,1.0,1.0,1.0,0.1,1.0,1.0,1.0
63,pagerank,1,121,1.0,0.2,1.0,1.0,1.0,0.1,1.0,1.0,1.0
63,classical_diffusion,1,121,1.0,0.2,1.0,1.0,1.0,0.1,1.0,1.0,1.0
63,quantum_inspired,1,121,1.0,0.2,1.0,1.0,1.0,0.1,1.0,1.0,1.0
64,degree,1,121,1.0,0.2,1.0,1.0,1.0,0.1,1.0,1.0,1.0
64,pagerank,1,121,1.0,0.2,1.0,1.0,1.0,0.1,1.0,1.0,1.0
64,classical_diffusion,1,121,1.0,0.2,1.0,1.0,1.0,0.1,1.0,1.0,1.0
64,quantum_inspired,1,121,1.0,0.2,1.0,1.0,1.0,0.1,1.0,1.0,1.0
65,degree,1,121,1.0,0.2,1.0,1.0,1.0,0.1,1.0,1.0,1.0
65,pagerank,1,121,1.0,0.2,1.0,1.0,1.0,0.1,1.0,1.0,1.0
65,classical_diffusion,1,121,1.0,0.2,1.0,1.0,1.0,0.1,1.0,1.0,1.0
65,quantum_inspired,1,121,1.0,0.2,1.0,1.0,1.0,0.1,1.0,1.0,1.0
66,degree,1,121,1.0,0.2,1.0,1.0,1.0,0.1,1.0,1.0,1.0
66,pagerank,1,121,1.0,0.2,1.0,1.0,1.0,0.1,1.0,1.0,1.0
66,classical_diffusion,1,121,1.0,0.2,1.0,1.0,1.0,0.1,1.0,1.0,1.0
66,quantum_inspired,1,121,1.0,0.2,1.0,1.0,1.0,0.1,1.0,1.0,1.0
67,degree,1,121,0.013513513513513514,0.0,0.0,0.0,0.0,0.0,0.0,0.0,0.0
67,pagerank,1,121,1.0,0.2,1.0,1.0,1.0,0.1,1.0,1.0,1.0
67,classical_diffusion,1,121,1.0,0.2,1.0,1.0,1.0,0.1,1.0,1.0,1.0
67,quantum_inspired,1,121,1.0,0.2,1.0,1.0,1.0,0.1,1.0,1.0,1.0
68,degree,1,121,1.0,0.2,1.0,1.0,1.0,0.1,1.0,1.0,1.0
68,pagerank,1,121,1.0,0.2,1.0,1.0,1.0,0.1,1.0,1.0,1.0
68,classical_diffusion,1,121,1.0,0.2,1.0,1.0,1.0,0.1,1.0,1.0,1.0
68,quantum_inspired,1,121,1.0,0.2,1.0,1.0,1.0,0.1,1.0,1.0,1.0
69,degree,1,121,0.3333333333333333,0.2,1.0,1.0,0.5,0.1,1.0,1.0,0.5
69,pagerank,1,121,1.0,0.2,1.0,1.0,1.0,0.1,1.0,1.0,1.0
69,classical_diffusion,1,121,1.0,0.2,1.0,1.0,1.0,0.1,1.0,1.0,1.0
69,quantum_inspired,1,121,1.0,0.2,1.0,1.0,1.0,0.1,1.0,1.0,1.0
70,degree,1,121,0.008264462809917356,0.0,0.0,0.0,0.0,0.0,0.0,0.0,0.0
70,pagerank,1,121,1.0,0.2,1.0,1.0,1.0,0.1,1.0,1.0,1.0
70,classical_diffusion,1,121,1.0,0.2,1.0,1.0,1.0,0.1,1.0,1.0,1.0
70,quantum_inspired,1,121,1.0,0.2,1.0,1.0,1.0,0.1,1.0,1.0,1.0
71,degree,1,121,0.008264462809917356,0.0,0.0,0.0,0.0,0.0,0.0,0.0,0.0
71,pagerank,1,121,1.0,0.2,1.0,1.0,1.0,0.1,1.0,1.0,1.0
71,classical_diffusion,1,121,1.0,0.2,1.0,1.0,1.0,0.1,1.0,1.0,1.0
71,quantum_inspired,1,121,1.0,0.2,1.0,1.0,1.0,0.1,1.0,1.0,1.0
72,degree,1,121,0.008264462809917356,0.0,0.0,0.0,0.0,0.0,0.0,0.0,0.0
72,pagerank,1,121,0.008264462809917356,0.0,0.0,0.0,0.0,0.0,0.0,0.0,0.0
72,classical_diffusion,1,121,0.008264462809917356,0.0,0.0,0.0,0.0,0.0,0.0,0.0,0.0
72,quantum_inspired,1,121,0.008264462809917356,0.0,0.0,0.0,0.0,0.0,0.0,0.0,0.0
73,degree,1,121,1.0,0.2,1.0,1.0,1.0,0.1,1.0,1.0,1.0
73,pagerank,1,121,1.0,0.2,1.0,1.0,1.0,0.1,1.0,1.0,1.0
73,classical_diffusion,1,121,1.0,0.2,1.0,1.0,1.0,0.1,1.0,1.0,1.0
73,quantum_inspired,1,121,1.0,0.2,1.0,1.0,1.0,0.1,1.0,1.0,1.0
74,degree,1,121,1.0,0.2,1.0,1.0,1.0,0.1,1.0,1.0,1.0
74,pagerank,1,121,1.0,0.2,1.0,1.0,1.0,0.1,1.0,1.0,1.0
74,classical_diffusion,1,121,1.0,0.2,1.0,1.0,1.0,0.1,1.0,1.0,1.0
74,quantum_inspired,1,121,1.0,0.2,1.0,1.0,1.0,0.1,1.0,1.0,1.0
75,degree,1,121,0.008264462809917356,0.0,0.0,0.0,0.0,0.0,0.0,0.0,0.0
75,pagerank,1,121,0.008264462809917356,0.0,0.0,0.0,0.0,0.0,0.0,0.0,0.0
75,classical_diffusion,1,121,0.008264462809917356,0.0,0.0,0.0,0.0,0.0,0.0,0.0,0.0
75,quantum_inspired,1,121,0.008264462809917356,0.0,0.0,0.0,0.0,0.0,0.0,0.0,0.0
76,degree,5,125,1.0,0.2,0.2,1.0,0.3391602052736161,0.1,0.2,1.0,0.3391602052736161
76,pagerank,5,125,1.0,0.6,0.6,1.0,0.7227265726449519,0.3,0.6,1.0,0.7227265726449519
76,classical_diffusion,5,125,1.0,0.6,0.6,1.0,0.7227265726449519,0.3,0.6,1.0,0.7227265726449519
76,quantum_inspired,5,125,1.0,0.6,0.6,1.0,0.7227265726449519,0.3,0.6,1.0,0.7227265726449519
77,degree,5,125,1.0,0.4,0.4,1.0,0.5531464700081437,0.2,0.4,1.0,0.5531464700081437
77,pagerank,5,125,1.0,0.8,0.8,1.0,0.8687949224876582,0.4,0.8,1.0,0.8687949224876582
77,classical_diffusion,5,125,1.0,0.8,0.8,1.0,0.8687949224876582,0.4,0.8,1.0,0.8687949224876582
77,quantum_inspired,5,125,1.0,0.8,0.8,1.0,0.8687949224876582,0.4,0.8,1.0,0.8687949224876582
100,degree,1,121,0.14285714285714285,0.0,0.0,0.0,0.0,0.1,1.0,1.0,0.3333333333333333
100,pagerank,1,121,0.008264462809917356,0.0,0.0,0.0,0.0,0.0,0.0,0.0,0.0
100,classical_diffusion,1,121,0.008264462809917356,0.0,0.0,0.0,0.0,0.0,0.0,0.0,0.0
100,quantum_inspired,1,121,0.014084507042253521,0.0,0.0,0.0,0.0,0.0,0.0,0.0,0.0
101,degree,1,121,0.017241379310344827,0.0,0.0,0.0,0.0,0.0,0.0,0.0,0.0
101,pagerank,1,121,0.008264462809917356,0.0,0.0,0.0,0.0,0.0,0.0,0.0,0.0
101,classical_diffusion,1,121,0.008264462809917356,0.0,0.0,0.0,0.0,0.0,0.0,0.0,0.0
101,quantum_inspired,1,121,0.008264462809917356,0.0,0.0,0.0,0.0,0.0,0.0,0.0,0.0
102,degree,1,121,0.008264462809917356,0.0,0.0,0.0,0.0,0.0,0.0,0.0,0.0
102,pagerank,1,121,0.008264462809917356,0.0,0.0,0.0,0.0,0.0,0.0,0.0,0.0
102,classical_diffusion,1,121,0.008264462809917356,0.0,0.0,0.0,0.0,0.0,0.0,0.0,0.0
102,quantum_inspired,1,121,0.008264462809917356,0.0,0.0,0.0,0.0,0.0,0.0,0.0,0.0
109,degree,1,121,0.008264462809917356,0.0,0.0,0.0,0.0,0.0,0.0,0.0,0.0
109,pagerank,1,121,0.008264462809917356,0.0,0.0,0.0,0.0,0.0,0.0,0.0,0.0
109,classical_diffusion,1,121,0.008264462809917356,0.0,0.0,0.0,0.0,0.0,0.0,0.0,0.0
109,quantum_inspired,1,121,0.008264462809917356,0.0,0.0,0.0,0.0,0.0,0.0,0.0,0.0
114,degree,1,121,0.008264462809917356,0.0,0.0,0.0,0.0,0.0,0.0,0.0,0.0
114,pagerank,1,121,0.008264462809917356,0.0,0.0,0.0,0.0,0.0,0.0,0.0,0.0
114,classical_diffusion,1,121,0.008264462809917356,0.0,0.0,0.0,0.0,0.0,0.0,0.0,0.0
114,quantum_inspired,1,121,0.008264462809917356,0.0,0.0,0.0,0.0,0.0,0.0,0.0,0.0
120,degree,1,121,0.008264462809917356,0.0,0.0,0.0,0.0,0.0,0.0,0.0,0.0
120,pagerank,1,121,0.008264462809917356,0.0,0.0,0.0,0.0,0.0,0.0,0.0,0.0
120,classical_diffusion,1,121,0.008264462809917356,0.0,0.0,0.0,0.0,0.0,0.0,0.0,0.0
120,quantum_inspired,1,121,0.008264462809917356,0.0,0.0,0.0,0.0,0.0,0.0,0.0,0.0
121,degree,1,121,1.0,0.2,1.0,1.0,1.0,0.1,1.0,1.0,1.0
121,pagerank,1,121,1.0,0.2,1.0,1.0,1.0,0.1,1.0,1.0,1.0
121,classical_diffusion,1,121,1.0,0.2,1.0,1.0,1.0,0.1,1.0,1.0,1.0
121,quantum_inspired,1,121,1.0,0.2,1.0,1.0,1.0,0.1,1.0,1.0,1.0
122,degree,1,121,1.0,0.2,1.0,1.0,1.0,0.1,1.0,1.0,1.0
122,pagerank,1,121,1.0,0.2,1.0,1.0,1.0,0.1,1.0,1.0,1.0
122,classical_diffusion,1,121,1.0,0.2,1.0,1.0,1.0,0.1,1.0,1.0,1.0
122,quantum_inspired,1,121,1.0,0.2,1.0,1.0,1.0,0.1,1.0,1.0,1.0
123,degree,1,121,1.0,0.2,1.0,1.0,1.0,0.1,1.0,1.0,1.0
123,pagerank,1,121,1.0,0.2,1.0,1.0,1.0,0.1,1.0,1.0,1.0
123,classical_diffusion,1,121,1.0,0.2,1.0,1.0,1.0,0.1,1.0,1.0,1.0
123,quantum_inspired,1,121,1.0,0.2,1.0,1.0,1.0,0.1,1.0,1.0,1.0
124,degree,1,121,1.0,0.2,1.0,1.0,1.0,0.1,1.0,1.0,1.0
124,pagerank,1,121,1.0,0.2,1.0,1.0,1.0,0.1,1.0,1.0,1.0
124,classical_diffusion,1,121,1.0,0.2,1.0,1.0,1.0,0.1,1.0,1.0,1.0
124,quantum_inspired,1,121,1.0,0.2,1.0,1.0,1.0,0.1,1.0,1.0,1.0
125,degree,1,121,1.0,0.2,1.0,1.0,1.0,0.1,1.0,1.0,1.0
125,pagerank,1,121,1.0,0.2,1.0,1.0,1.0,0.1,1.0,1.0,1.0
125,classical_diffusion,1,121,1.0,0.2,1.0,1.0,1.0,0.1,1.0,1.0,1.0
125,quantum_inspired,1,121,1.0,0.2,1.0,1.0,1.0,0.1,1.0,1.0,1.0
126,degree,1,121,1.0,0.2,1.0,1.0,1.0,0.1,1.0,1.0,1.0
126,pagerank,1,121,1.0,0.2,1.0,1.0,1.0,0.1,1.0,1.0,1.0
126,classical_diffusion,1,121,1.0,0.2,1.0,1.0,1.0,0.1,1.0,1.0,1.0
126,quantum_inspired,1,121,1.0,0.2,1.0,1.0,1.0,0.1,1.0,1.0,1.0
127,degree,1,121,1.0,0.2,1.0,1.0,1.0,0.1,1.0,1.0,1.0
127,pagerank,1,121,1.0,0.2,1.0,1.0,1.0,0.1,1.0,1.0,1.0
127,classical_diffusion,1,121,1.0,0.2,1.0,1.0,1.0,0.1,1.0,1.0,1.0
127,quantum_inspired,1,121,1.0,0.2,1.0,1.0,1.0,0.1,1.0,1.0,1.0
128,degree,2,122,1.0,0.2,0.5,1.0,0.6131471927654584,0.1,0.5,1.0,0.6131471927654584
128,pagerank,2,122,1.0,0.4,1.0,1.0,1.0,0.2,1.0,1.0,1.0
128,classical_diffusion,2,122,1.0,0.4,1.0,1.0,1.0,0.2,1.0,1.0,1.0
128,quantum_inspired,2,122,1.0,0.4,1.0,1.0,1.0,0.2,1.0,1.0,1.0
129,degree,1,121,1.0,0.2,1.0,1.0,1.0,0.1,1.0,1.0,1.0
129,pagerank,1,121,1.0,0.2,1.0,1.0,1.0,0.1,1.0,1.0,1.0
129,classical_diffusion,1,121,1.0,0.2,1.0,1.0,1.0,0.1,1.0,1.0,1.0
129,quantum_inspired,1,121,1.0,0.2,1.0,1.0,1.0,0.1,1.0,1.0,1.0
130,degree,1,121,1.0,0.2,1.0,1.0,1.0,0.1,1.0,1.0,1.0
130,pagerank,1,121,1.0,0.2,1.0,1.0,1.0,0.1,1.0,1.0,1.0
130,classical_diffusion,1,121,1.0,0.2,1.0,1.0,1.0,0.1,1.0,1.0,1.0
130,quantum_inspired,1,121,1.0,0.2,1.0,1.0,1.0,0.1,1.0,1.0,1.0
131,degree,1,121,1.0,0.2,1.0,1.0,1.0,0.1,1.0,1.0,1.0
131,pagerank,1,121,1.0,0.2,1.0,1.0,1.0,0.1,1.0,1.0,1.0
131,classical_diffusion,1,121,1.0,0.2,1.0,1.0,1.0,0.1,1.0,1.0,1.0
131,quantum_inspired,1,121,1.0,0.2,1.0,1.0,1.0,0.1,1.0,1.0,1.0
132,degree,1,121,1.0,0.2,1.0,1.0,1.0,0.1,1.0,1.0,1.0
132,pagerank,1,121,1.0,0.2,1.0,1.0,1.0,0.1,1.0,1.0,1.0
132,classical_diffusion,1,121,1.0,0.2,1.0,1.0,1.0,0.1,1.0,1.0,1.0
132,quantum_inspired,1,121,1.0,0.2,1.0,1.0,1.0,0.1,1.0,1.0,1.0
133,degree,1,121,1.0,0.2,1.0,1.0,1.0,0.1,1.0,1.0,1.0
133,pagerank,1,121,1.0,0.2,1.0,1.0,1.0,0.1,1.0,1.0,1.0
133,classical_diffusion,1,121,1.0,0.2,1.0,1.0,1.0,0.1,1.0,1.0,1.0
133,quantum_inspired,1,121,1.0,0.2,1.0,1.0,1.0,0.1,1.0,1.0,1.0
134,degree,1,121,1.0,0.2,1.0,1.0,1.0,0.1,1.0,1.0,1.0
134,pagerank,1,121,1.0,0.2,1.0,1.0,1.0,0.1,1.0,1.0,1.0
134,classical_diffusion,1,121,1.0,0.2,1.0,1.0,1.0,0.1,1.0,1.0,1.0
134,quantum_inspired,1,121,1.0,0.2,1.0,1.0,1.0,0.1,1.0,1.0,1.0
135,degree,1,121,1.0,0.2,1.0,1.0,1.0,0.1,1.0,1.0,1.0
135,pagerank,1,121,1.0,0.2,1.0,1.0,1.0,0.1,1.0,1.0,1.0
135,classical_diffusion,1,121,1.0,0.2,1.0,1.0,1.0,0.1,1.0,1.0,1.0
135,quantum_inspired,1,121,1.0,0.2,1.0,1.0,1.0,0.1,1.0,1.0,1.0
136,degree,1,121,0.008264462809917356,0.0,0.0,0.0,0.0,0.0,0.0,0.0,0.0
136,pagerank,1,121,1.0,0.2,1.0,1.0,1.0,0.1,1.0,1.0,1.0
136,classical_diffusion,1,121,1.0,0.2,1.0,1.0,1.0,0.1,1.0,1.0,1.0
136,quantum_inspired,1,121,1.0,0.2,1.0,1.0,1.0,0.1,1.0,1.0,1.0
137,degree,1,121,1.0,0.2,1.0,1.0,1.0,0.1,1.0,1.0,1.0
137,pagerank,1,121,1.0,0.2,1.0,1.0,1.0,0.1,1.0,1.0,1.0
137,classical_diffusion,1,121,1.0,0.2,1.0,1.0,1.0,0.1,1.0,1.0,1.0
137,quantum_inspired,1,121,1.0,0.2,1.0,1.0,1.0,0.1,1.0,1.0,1.0
138,degree,1,121,1.0,0.2,1.0,1.0,1.0,0.1,1.0,1.0,1.0
138,pagerank,1,121,1.0,0.2,1.0,1.0,1.0,0.1,1.0,1.0,1.0
138,classical_diffusion,1,121,1.0,0.2,1.0,1.0,1.0,0.1,1.0,1.0,1.0
138,quantum_inspired,1,121,1.0,0.2,1.0,1.0,1.0,0.1,1.0,1.0,1.0
139,degree,1,121,1.0,0.2,1.0,1.0,1.0,0.1,1.0,1.0,1.0
139,pagerank,1,121,1.0,0.2,1.0,1.0,1.0,0.1,1.0,1.0,1.0
139,classical_diffusion,1,121,1.0,0.2,1.0,1.0,1.0,0.1,1.0,1.0,1.0
139,quantum_inspired,1,121,1.0,0.2,1.0,1.0,1.0,0.1,1.0,1.0,1.0
140,degree,1,121,1.0,0.2,1.0,1.0,1.0,0.1,1.0,1.0,1.0
140,pagerank,1,121,1.0,0.2,1.0,1.0,1.0,0.1,1.0,1.0,1.0
140,classical_diffusion,1,121,1.0,0.2,1.0,1.0,1.0,0.1,1.0,1.0,1.0
140,quantum_inspired,1,121,1.0,0.2,1.0,1.0,1.0,0.1,1.0,1.0,1.0
141,degree,1,121,1.0,0.2,1.0,1.0,1.0,0.1,1.0,1.0,1.0
141,pagerank,1,121,1.0,0.2,1.0,1.0,1.0,0.1,1.0,1.0,1.0
141,classical_diffusion,1,121,1.0,0.2,1.0,1.0,1.0,0.1,1.0,1.0,1.0
141,quantum_inspired,1,121,1.0,0.2,1.0,1.0,1.0,0.1,1.0,1.0,1.0
142,degree,1,121,1.0,0.2,1.0,1.0,1.0,0.1,1.0,1.0,1.0
142,pagerank,1,121,1.0,0.2,1.0,1.0,1.0,0.1,1.0,1.0,1.0
142,classical_diffusion,1,121,1.0,0.2,1.0,1.0,1.0,0.1,1.0,1.0,1.0
142,quantum_inspired,1,121,1.0,0.2,1.0,1.0,1.0,0.1,1.0,1.0,1.0
143,degree,1,121,1.0,0.2,1.0,1.0,1.0,0.1,1.0,1.0,1.0
143,pagerank,1,121,1.0,0.2,1.0,1.0,1.0,0.1,1.0,1.0,1.0
143,classical_diffusion,1,121,1.0,0.2,1.0,1.0,1.0,0.1,1.0,1.0,1.0
143,quantum_inspired,1,121,1.0,0.2,1.0,1.0,1.0,0.1,1.0,1.0,1.0
144,degree,1,121,1.0,0.2,1.0,1.0,1.0,0.1,1.0,1.0,1.0
144,pagerank,1,121,1.0,0.2,1.0,1.0,1.0,0.1,1.0,1.0,1.0
144,classical_diffusion,1,121,1.0,0.2,1.0,1.0,1.0,0.1,1.0,1.0,1.0
144,quantum_inspired,1,121,1.0,0.2,1.0,1.0,1.0,0.1,1.0,1.0,1.0
145,degree,1,121,1.0,0.2,1.0,1.0,1.0,0.1,1.0,1.0,1.0
145,pagerank,1,121,1.0,0.2,1.0,1.0,1.0,0.1,1.0,1.0,1.0
145,classical_diffusion,1,121,1.0,0.2,1.0,1.0,1.0,0.1,1.0,1.0,1.0
145,quantum_inspired,1,121,1.0,0.2,1.0,1.0,1.0,0.1,1.0,1.0,1.0
146,degree,1,121,1.0,0.2,1.0,1.0,1.0,0.1,1.0,1.0,1.0
146,pagerank,1,121,0.02127659574468085,0.0,0.0,0.0,0.0,0.0,0.0,0.0,0.0
146,classical_diffusion,1,121,1.0,0.2,1.0,1.0,1.0,0.1,1.0,1.0,1.0
146,quantum_inspired,1,121,1.0,0.2,1.0,1.0,1.0,0.1,1.0,1.0,1.0
147,degree,1,121,1.0,0.2,1.0,1.0,1.0,0.1,1.0,1.0,1.0
147,pagerank,1,121,1.0,0.2,1.0,1.0,1.0,0.1,1.0,1.0,1.0
147,classical_diffusion,1,121,1.0,0.2,1.0,1.0,1.0,0.1,1.0,1.0,1.0
147,quantum_inspired,1,121,1.0,0.2,1.0,1.0,1.0,0.1,1.0,1.0,1.0
148,degree,1,121,1.0,0.2,1.0,1.0,1.0,0.1,1.0,1.0,1.0
148,pagerank,1,121,1.0,0.2,1.0,1.0,1.0,0.1,1.0,1.0,1.0
148,classical_diffusion,1,121,1.0,0.2,1.0,1.0,1.0,0.1,1.0,1.0,1.0
148,quantum_inspired,1,121,1.0,0.2,1.0,1.0,1.0,0.1,1.0,1.0,1.0
149,degree,1,121,1.0,0.2,1.0,1.0,1.0,0.1,1.0,1.0,1.0
149,pagerank,1,121,1.0,0.2,1.0,1.0,1.0,0.1,1.0,1.0,1.0
149,classical_diffusion,1,121,1.0,0.2,1.0,1.0,1.0,0.1,1.0,1.0,1.0
149,quantum_inspired,1,121,1.0,0.2,1.0,1.0,1.0,0.1,1.0,1.0,1.0
150,degree,1,121,1.0,0.2,1.0,1.0,1.0,0.1,1.0,1.0,1.0
150,pagerank,1,121,0.008264462809917356,0.0,0.0,0.0,0.0,0.0,0.0,0.0,0.0
150,classical_diffusion,1,121,1.0,0.2,1.0,1.0,1.0,0.1,1.0,1.0,1.0
150,quantum_inspired,1,121,1.0,0.2,1.0,1.0,1.0,0.1,1.0,1.0,1.0
151,degree,1,121,1.0,0.2,1.0,1.0,1.0,0.1,1.0,1.0,1.0
151,pagerank,1,121,1.0,0.2,1.0,1.0,1.0,0.1,1.0,1.0,1.0
151,classical_diffusion,1,121,1.0,0.2,1.0,1.0,1.0,0.1,1.0,1.0,1.0
151,quantum_inspired,1,121,1.0,0.2,1.0,1.0,1.0,0.1,1.0,1.0,1.0
152,degree,1,121,1.0,0.2,1.0,1.0,1.0,0.1,1.0,1.0,1.0
152,pagerank,1,121,1.0,0.2,1.0,1.0,1.0,0.1,1.0,1.0,1.0
152,classical_diffusion,1,121,1.0,0.2,1.0,1.0,1.0,0.1,1.0,1.0,1.0
152,quantum_inspired,1,121,1.0,0.2,1.0,1.0,1.0,0.1,1.0,1.0,1.0
153,degree,1,121,1.0,0.2,1.0,1.0,1.0,0.1,1.0,1.0,1.0
153,pagerank,1,121,1.0,0.2,1.0,1.0,1.0,0.1,1.0,1.0,1.0
153,classical_diffusion,1,121,1.0,0.2,1.0,1.0,1.0,0.1,1.0,1.0,1.0
153,quantum_inspired,1,121,1.0,0.2,1.0,1.0,1.0,0.1,1.0,1.0,1.0
154,degree,2,122,0.008264462809917356,0.0,0.0,0.0,0.0,0.0,0.0,0.0,0.0
154,pagerank,2,122,0.008264462809917356,0.0,0.0,0.0,0.0,0.0,0.0,0.0,0.0
154,classical_diffusion,2,122,0.008264462809917356,0.0,0.0,0.0,0.0,0.0,0.0,0.0,0.0
154,quantum_inspired,2,122,0.008264462809917356,0.0,0.0,0.0,0.0,0.0,0.0,0.0,0.0
155,degree,2,122,1.0,0.4,1.0,1.0,1.0,0.2,1.0,1.0,1.0
155,pagerank,2,122,1.0,0.2,0.5,1.0,0.6131471927654584,0.1,0.5,1.0,0.6131471927654584
155,classical_diffusion,2,122,1.0,0.4,1.0,1.0,1.0,0.2,1.0,1.0,1.0
155,quantum_inspired,2,122,1.0,0.4,1.0,1.0,1.0,0.2,1.0,1.0,1.0
156,degree,1,121,1.0,0.2,1.0,1.0,1.0,0.1,1.0,1.0,1.0
156,pagerank,1,121,1.0,0.2,1.0,1.0,1.0,0.1,1.0,1.0,1.0
156,classical_diffusion,1,121,1.0,0.2,1.0,1.0,1.0,0.1,1.0,1.0,1.0
156,quantum_inspired,1,121,1.0,0.2,1.0,1.0,1.0,0.1,1.0,1.0,1.0
157,degree,1,121,1.0,0.2,1.0,1.0,1.0,0.1,1.0,1.0,1.0
157,pagerank,1,121,1.0,0.2,1.0,1.0,1.0,0.1,1.0,1.0,1.0
157,classical_diffusion,1,121,1.0,0.2,1.0,1.0,1.0,0.1,1.0,1.0,1.0
157,quantum_inspired,1,121,1.0,0.2,1.0,1.0,1.0,0.1,1.0,1.0,1.0
158,degree,1,121,1.0,0.2,1.0,1.0,1.0,0.1,1.0,1.0,1.0
158,pagerank,1,121,1.0,0.2,1.0,1.0,1.0,0.1,1.0,1.0,1.0
158,classical_diffusion,1,121,1.0,0.2,1.0,1.0,1.0,0.1,1.0,1.0,1.0
158,quantum_inspired,1,121,1.0,0.2,1.0,1.0,1.0,0.1,1.0,1.0,1.0
159,degree,1,121,1.0,0.2,1.0,1.0,1.0,0.1,1.0,1.0,1.0
159,pagerank,1,121,1.0,0.2,1.0,1.0,1.0,0.1,1.0,1.0,1.0
159,classical_diffusion,1,121,1.0,0.2,1.0,1.0,1.0,0.1,1.0,1.0,1.0
159,quantum_inspired,1,121,1.0,0.2,1.0,1.0,1.0,0.1,1.0,1.0,1.0
160,degree,1,121,1.0,0.2,1.0,1.0,1.0,0.1,1.0,1.0,1.0
160,pagerank,1,121,1.0,0.2,1.0,1.0,1.0,0.1,1.0,1.0,1.0
160,classical_diffusion,1,121,1.0,0.2,1.0,1.0,1.0,0.1,1.0,1.0,1.0
160,quantum_inspired,1,121,1.0,0.2,1.0,1.0,1.0,0.1,1.0,1.0,1.0
161,degree,1,121,1.0,0.2,1.0,1.0,1.0,0.1,1.0,1.0,1.0
161,pagerank,1,121,1.0,0.2,1.0,1.0,1.0,0.1,1.0,1.0,1.0
161,classical_diffusion,1,121,1.0,0.2,1.0,1.0,1.0,0.1,1.0,1.0,1.0
161,quantum_inspired,1,121,1.0,0.2,1.0,1.0,1.0,0.1,1.0,1.0,1.0
162,degree,1,121,1.0,0.2,1.0,1.0,1.0,0.1,1.0,1.0,1.0
162,pagerank,1,121,1.0,0.2,1.0,1.0,1.0,0.1,1.0,1.0,1.0
162,classical_diffusion,1,121,1.0,0.2,1.0,1.0,1.0,0.1,1.0,1.0,1.0
162,quantum_inspired,1,121,1.0,0.2,1.0,1.0,1.0,0.1,1.0,1.0,1.0
163,degree,1,121,1.0,0.2,1.0,1.0,1.0,0.1,1.0,1.0,1.0
163,pagerank,1,121,1.0,0.2,1.0,1.0,1.0,0.1,1.0,1.0,1.0
163,classical_diffusion,1,121,1.0,0.2,1.0,1.0,1.0,0.1,1.0,1.0,1.0
163,quantum_inspired,1,121,1.0,0.2,1.0,1.0,1.0,0.1,1.0,1.0,1.0
164,degree,2,122,1.0,0.2,0.5,1.0,0.6131471927654584,0.1,0.5,1.0,0.6131471927654584
164,pagerank,2,122,1.0,0.2,0.5,1.0,0.6131471927654584,0.1,0.5,1.0,0.6131471927654584
164,classical_diffusion,2,122,1.0,0.2,0.5,1.0,0.6131471927654584,0.1,0.5,1.0,0.6131471927654584
164,quantum_inspired,2,122,1.0,0.2,0.5,1.0,0.6131471927654584,0.1,0.5,1.0,0.6131471927654584
165,degree,1,121,1.0,0.2,1.0,1.0,1.0,0.1,1.0,1.0,1.0
165,pagerank,1,121,1.0,0.2,1.0,1.0,1.0,0.1,1.0,1.0,1.0
165,classical_diffusion,1,121,1.0,0.2,1.0,1.0,1.0,0.1,1.0,1.0,1.0
165,quantum_inspired,1,121,1.0,0.2,1.0,1.0,1.0,0.1,1.0,1.0,1.0
166,degree,1,121,1.0,0.2,1.0,1.0,1.0,0.1,1.0,1.0,1.0
166,pagerank,1,121,1.0,0.2,1.0,1.0,1.0,0.1,1.0,1.0,1.0
166,classical_diffusion,1,121,1.0,0.2,1.0,1.0,1.0,0.1,1.0,1.0,1.0
166,quantum_inspired,1,121,1.0,0.2,1.0,1.0,1.0,0.1,1.0,1.0,1.0
167,degree,1,121,1.0,0.2,1.0,1.0,1.0,0.1,1.0,1.0,1.0
167,pagerank,1,121,1.0,0.2,1.0,1.0,1.0,0.1,1.0,1.0,1.0
167,classical_diffusion,1,121,1.0,0.2,1.0,1.0,1.0,0.1,1.0,1.0,1.0
167,quantum_inspired,1,121,1.0,0.2,1.0,1.0,1.0,0.1,1.0,1.0,1.0
168,degree,1,121,1.0,0.2,1.0,1.0,1.0,0.1,1.0,1.0,1.0
168,pagerank,1,121,1.0,0.2,1.0,1.0,1.0,0.1,1.0,1.0,1.0
168,classical_diffusion,1,121,1.0,0.2,1.0,1.0,1.0,0.1,1.0,1.0,1.0
168,quantum_inspired,1,121,1.0,0.2,1.0,1.0,1.0,0.1,1.0,1.0,1.0
169,degree,1,121,0.008264462809917356,0.0,0.0,0.0,0.0,0.0,0.0,0.0,0.0
169,pagerank,1,121,1.0,0.2,1.0,1.0,1.0,0.1,1.0,1.0,1.0
169,classical_diffusion,1,121,1.0,0.2,1.0,1.0,1.0,0.1,1.0,1.0,1.0
169,quantum_inspired,1,121,1.0,0.2,1.0,1.0,1.0,0.1,1.0,1.0,1.0
170,degree,1,121,1.0,0.2,1.0,1.0,1.0,0.1,1.0,1.0,1.0
170,pagerank,1,121,1.0,0.2,1.0,1.0,1.0,0.1,1.0,1.0,1.0
170,classical_diffusion,1,121,1.0,0.2,1.0,1.0,1.0,0.1,1.0,1.0,1.0
170,quantum_inspired,1,121,1.0,0.2,1.0,1.0,1.0,0.1,1.0,1.0,1.0
171,degree,1,121,1.0,0.2,1.0,1.0,1.0,0.1,1.0,1.0,1.0
171,pagerank,1,121,1.0,0.2,1.0,1.0,1.0,0.1,1.0,1.0,1.0
171,classical_diffusion,1,121,1.0,0.2,1.0,1.0,1.0,0.1,1.0,1.0,1.0
171,quantum_inspired,1,121,1.0,0.2,1.0,1.0,1.0,0.1,1.0,1.0,1.0
172,degree,1,121,1.0,0.2,1.0,1.0,1.0,0.1,1.0,1.0,1.0
172,pagerank,1,121,1.0,0.2,1.0,1.0,1.0,0.1,1.0,1.0,1.0
172,classical_diffusion,1,121,1.0,0.2,1.0,1.0,1.0,0.1,1.0,1.0,1.0
172,quantum_inspired,1,121,1.0,0.2,1.0,1.0,1.0,0.1,1.0,1.0,1.0
173,degree,1,121,1.0,0.2,1.0,1.0,1.0,0.1,1.0,1.0,1.0
173,pagerank,1,121,1.0,0.2,1.0,1.0,1.0,0.1,1.0,1.0,1.0
173,classical_diffusion,1,121,1.0,0.2,1.0,1.0,1.0,0.1,1.0,1.0,1.0
173,quantum_inspired,1,121,1.0,0.2,1.0,1.0,1.0,0.1,1.0,1.0,1.0
174,degree,1,121,1.0,0.2,1.0,1.0,1.0,0.1,1.0,1.0,1.0
174,pagerank,1,121,1.0,0.2,1.0,1.0,1.0,0.1,1.0,1.0,1.0
174,classical_diffusion,1,121,1.0,0.2,1.0,1.0,1.0,0.1,1.0,1.0,1.0
174,quantum_inspired,1,121,1.0,0.2,1.0,1.0,1.0,0.1,1.0,1.0,1.0
175,degree,1,121,1.0,0.2,1.0,1.0,1.0,0.1,1.0,1.0,1.0
175,pagerank,1,121,1.0,0.2,1.0,1.0,1.0,0.1,1.0,1.0,1.0
175,classical_diffusion,1,121,1.0,0.2,1.0,1.0,1.0,0.1,1.0,1.0,1.0
175,quantum_inspired,1,121,1.0,0.2,1.0,1.0,1.0,0.1,1.0,1.0,1.0
176,degree,1,121,0.008264462809917356,0.0,0.0,0.0,0.0,0.0,0.0,0.0,0.0
176,pagerank,1,121,1.0,0.2,1.0,1.0,1.0,0.1,1.0,1.0,1.0
176,classical_diffusion,1,121,1.0,0.2,1.0,1.0,1.0,0.1,1.0,1.0,1.0
176,quantum_inspired,1,121,1.0,0.2,1.0,1.0,1.0,0.1,1.0,1.0,1.0
177,degree,1,121,1.0,0.2,1.0,1.0,1.0,0.1,1.0,1.0,1.0
177,pagerank,1,121,1.0,0.2,1.0,1.0,1.0,0.1,1.0,1.0,1.0
177,classical_diffusion,1,121,1.0,0.2,1.0,1.0,1.0,0.1,1.0,1.0,1.0
177,quantum_inspired,1,121,1.0,0.2,1.0,1.0,1.0,0.1,1.0,1.0,1.0
178,degree,1,121,1.0,0.2,1.0,1.0,1.0,0.1,1.0,1.0,1.0
178,pagerank,1,121,1.0,0.2,1.0,1.0,1.0,0.1,1.0,1.0,1.0
178,classical_diffusion,1,121,1.0,0.2,1.0,1.0,1.0,0.1,1.0,1.0,1.0
178,quantum_inspired,1,121,1.0,0.2,1.0,1.0,1.0,0.1,1.0,1.0,1.0
179,degree,1,121,1.0,0.2,1.0,1.0,1.0,0.1,1.0,1.0,1.0
179,pagerank,1,121,1.0,0.2,1.0,1.0,1.0,0.1,1.0,1.0,1.0
179,classical_diffusion,1,121,1.0,0.2,1.0,1.0,1.0,0.1,1.0,1.0,1.0
179,quantum_inspired,1,121,1.0,0.2,1.0,1.0,1.0,0.1,1.0,1.0,1.0
180,degree,1,121,0.008264462809917356,0.0,0.0,0.0,0.0,0.0,0.0,0.0,0.0
180,pagerank,1,121,1.0,0.2,1.0,1.0,1.0,0.1,1.0,1.0,1.0
180,classical_diffusion,1,121,1.0,0.2,1.0,1.0,1.0,0.1,1.0,1.0,1.0
180,quantum_inspired,1,121,1.0,0.2,1.0,1.0,1.0,0.1,1.0,1.0,1.0
181,degree,1,121,1.0,0.2,1.0,1.0,1.0,0.1,1.0,1.0,1.0
181,pagerank,1,121,1.0,0.2,1.0,1.0,1.0,0.1,1.0,1.0,1.0
181,classical_diffusion,1,121,1.0,0.2,1.0,1.0,1.0,0.1,1.0,1.0,1.0
181,quantum_inspired,1,121,1.0,0.2,1.0,1.0,1.0,0.1,1.0,1.0,1.0
182,degree,1,121,0.3333333333333333,0.2,1.0,1.0,0.5,0.1,1.0,1.0,0.5
182,pagerank,1,121,1.0,0.2,1.0,1.0,1.0,0.1,1.0,1.0,1.0
182,classical_diffusion,1,121,1.0,0.2,1.0,1.0,1.0,0.1,1.0,1.0,1.0
182,quantum_inspired,1,121,1.0,0.2,1.0,1.0,1.0,0.1,1.0,1.0,1.0
183,degree,1,121,1.0,0.2,1.0,1.0,1.0,0.1,1.0,1.0,1.0
183,pagerank,1,121,1.0,0.2,1.0,1.0,1.0,0.1,1.0,1.0,1.0
183,classical_diffusion,1,121,1.0,0.2,1.0,1.0,1.0,0.1,1.0,1.0,1.0
183,quantum_inspired,1,121,1.0,0.2,1.0,1.0,1.0,0.1,1.0,1.0,1.0
184,degree,1,121,1.0,0.2,1.0,1.0,1.0,0.1,1.0,1.0,1.0
184,pagerank,1,121,1.0,0.2,1.0,1.0,1.0,0.1,1.0,1.0,1.0
184,classical_diffusion,1,121,1.0,0.2,1.0,1.0,1.0,0.1,1.0,1.0,1.0
184,quantum_inspired,1,121,1.0,0.2,1.0,1.0,1.0,0.1,1.0,1.0,1.0
185,degree,1,121,0.008264462809917356,0.0,0.0,0.0,0.0,0.0,0.0,0.0,0.0
185,pagerank,1,121,1.0,0.2,1.0,1.0,1.0,0.1,1.0,1.0,1.0
185,classical_diffusion,1,121,1.0,0.2,1.0,1.0,1.0,0.1,1.0,1.0,1.0
185,quantum_inspired,1,121,1.0,0.2,1.0,1.0,1.0,0.1,1.0,1.0,1.0
186,degree,1,121,1.0,0.2,1.0,1.0,1.0,0.1,1.0,1.0,1.0
186,pagerank,1,121,1.0,0.2,1.0,1.0,1.0,0.1,1.0,1.0,1.0
186,classical_diffusion,1,121,1.0,0.2,1.0,1.0,1.0,0.1,1.0,1.0,1.0
186,quantum_inspired,1,121,1.0,0.2,1.0,1.0,1.0,0.1,1.0,1.0,1.0
187,degree,1,121,1.0,0.2,1.0,1.0,1.0,0.1,1.0,1.0,1.0
187,pagerank,1,121,1.0,0.2,1.0,1.0,1.0,0.1,1.0,1.0,1.0
187,classical_diffusion,1,121,1.0,0.2,1.0,1.0,1.0,0.1,1.0,1.0,1.0
187,quantum_inspired,1,121,1.0,0.2,1.0,1.0,1.0,0.1,1.0,1.0,1.0
188,degree,1,121,1.0,0.2,1.0,1.0,1.0,0.1,1.0,1.0,1.0
188,pagerank,1,121,1.0,0.2,1.0,1.0,1.0,0.1,1.0,1.0,1.0
188,classical_diffusion,1,121,1.0,0.2,1.0,1.0,1.0,0.1,1.0,1.0,1.0
188,quantum_inspired,1,121,1.0,0.2,1.0,1.0,1.0,0.1,1.0,1.0,1.0
189,degree,1,121,1.0,0.2,1.0,1.0,1.0,0.1,1.0,1.0,1.0
189,pagerank,1,121,1.0,0.2,1.0,1.0,1.0,0.1,1.0,1.0,1.0
189,classical_diffusion,1,121,1.0,0.2,1.0,1.0,1.0,0.1,1.0,1.0,1.0
189,quantum_inspired,1,121,1.0,0.2,1.0,1.0,1.0,0.1,1.0,1.0,1.0
